sample,barcode,r1_path,r2_path,ploidy
BBB20_102_drone,TTCCTCCT+GCAAGCAA,data/reads/BBB20_102_drone_r1.fastq.gz,data/reads/BBB20_102_drone_r2.fastq.gz,1
BBB20_061_pool,TGCTTGCT+GCAAGCAA,data/reads/BBB20_061_pool_r1.fastq.gz,data/reads/BBB20_061_pool_r2.fastq.gz,2
BBB20_086_drone,GGTGATGA+GCAAGCAA,data/reads/BBB20_086_drone_r1.fastq.gz,data/reads/BBB20_086_drone_r2.fastq.gz,1
BBB20_044_pool,AACCTACG+GCAAGCAA,data/reads/BBB20_044_pool_r1.fastq.gz,data/reads/BBB20_044_pool_r2.fastq.gz,2
BBB20_014_drone,GGATCTGA+GCAAGCAA,data/reads/BBB20_014_drone_r1.fastq.gz,data/reads/BBB20_014_drone_r2.fastq.gz,1
BBB20_103_drone,TGATCACG+GCAAGCAA,data/reads/BBB20_103_drone_r1.fastq.gz,data/reads/BBB20_103_drone_r2.fastq.gz,1
BBB20_019_pool,AAGCGACT+GCAAGCAA,data/reads/BBB20_019_pool_r1.fastq.gz,data/reads/BBB20_019_pool_r2.fastq.gz,2
BBB20_117_drone,AAGCGTTC+GCAAGCAA,data/reads/BBB20_117_drone_r1.fastq.gz,data/reads/BBB20_117_drone_r2.fastq.gz,1
BBB20_035_drone,AAGGCGTA+GCAAGCAA,data/reads/BBB20_035_drone_r1.fastq.gz,data/reads/BBB20_035_drone_r2.fastq.gz,1
BBB20_108_drone,CTGATGAG+GCAAGCAA,data/reads/BBB20_108_drone_r1.fastq.gz,data/reads/BBB20_108_drone_r2.fastq.gz,1
BBB20_073_drone,GCAGAAGA+GCAAGCAA,data/reads/BBB20_073_drone_r1.fastq.gz,data/reads/BBB20_073_drone_r2.fastq.gz,1
BBB20_060_pool,AATCCAGC+GCAAGCAA,data/reads/BBB20_060_pool_r1.fastq.gz,data/reads/BBB20_060_pool_r2.fastq.gz,2
BBB20_103_pool,TTCCTCCT+AACCTCTC,data/reads/BBB20_103_pool_r1.fastq.gz,data/reads/BBB20_103_pool_r2.fastq.gz,2
BBB20_109_pool,TGCTTGCT+AACCTCTC,data/reads/BBB20_109_pool_r1.fastq.gz,data/reads/BBB20_109_pool_r2.fastq.gz,2
BBB20_113_pool,GGTGATGA+AACCTCTC,data/reads/BBB20_113_pool_r1.fastq.gz,data/reads/BBB20_113_pool_r2.fastq.gz,2
BBB20_013_pool,AACCTACG+AACCTCTC,data/reads/BBB20_013_pool_r1.fastq.gz,data/reads/BBB20_013_pool_r2.fastq.gz,2
BBB20_069_drone,GGATCTGA+AACCTCTC,data/reads/BBB20_069_drone_r1.fastq.gz,data/reads/BBB20_069_drone_r2.fastq.gz,1
BBB20_045_pool,TGATCACG+AACCTCTC,data/reads/BBB20_045_pool_r1.fastq.gz,data/reads/BBB20_045_pool_r2.fastq.gz,2
BBB20_098_drone,AAGCGACT+AACCTCTC,data/reads/BBB20_098_drone_r1.fastq.gz,data/reads/BBB20_098_drone_r2.fastq.gz,1
BBB20_117_pool,AAGCGTTC+AACCTCTC,data/reads/BBB20_117_pool_r1.fastq.gz,data/reads/BBB20_117_pool_r2.fastq.gz,2
BBB20_064_pool,AAGGCGTA+AACCTCTC,data/reads/BBB20_064_pool_r1.fastq.gz,data/reads/BBB20_064_pool_r2.fastq.gz,2
BBB20_058_drone,CTGATGAG+AACCTCTC,data/reads/BBB20_058_drone_r1.fastq.gz,data/reads/BBB20_058_drone_r2.fastq.gz,1
BBB20_095_drone,GCAGAAGA+AACCTCTC,data/reads/BBB20_095_drone_r1.fastq.gz,data/reads/BBB20_095_drone_r2.fastq.gz,1
BBB20_071_drone,AATCCAGC+AACCTCTC,data/reads/BBB20_071_drone_r1.fastq.gz,data/reads/BBB20_071_drone_r2.fastq.gz,1
BBB20_037_drone,TTCCTCCT+AACCAGGT,data/reads/BBB20_037_drone_r1.fastq.gz,data/reads/BBB20_037_drone_r2.fastq.gz,1
BBB20_074_drone,TGCTTGCT+AACCAGGT,data/reads/BBB20_074_drone_r1.fastq.gz,data/reads/BBB20_074_drone_r2.fastq.gz,1
BBB20_009_pool,GGTGATGA+AACCAGGT,data/reads/BBB20_009_pool_r1.fastq.gz,data/reads/BBB20_009_pool_r2.fastq.gz,2
BBB20_060_drone,AACCTACG+AACCAGGT,data/reads/BBB20_060_drone_r1.fastq.gz,data/reads/BBB20_060_drone_r2.fastq.gz,1
BBB20_115_pool,GGATCTGA+AACCAGGT,data/reads/BBB20_115_pool_r1.fastq.gz,data/reads/BBB20_115_pool_r2.fastq.gz,2
BBB20_093_pool,TGATCACG+AACCAGGT,data/reads/BBB20_093_pool_r1.fastq.gz,data/reads/BBB20_093_pool_r2.fastq.gz,2
BBB20_086_pool,AAGCGACT+AACCAGGT,data/reads/BBB20_086_pool_r1.fastq.gz,data/reads/BBB20_086_pool_r2.fastq.gz,2
BBB20_040_drone,AAGCGTTC+AACCAGGT,data/reads/BBB20_040_drone_r1.fastq.gz,data/reads/BBB20_040_drone_r2.fastq.gz,1
BBB20_111_drone,AAGGCGTA+AACCAGGT,data/reads/BBB20_111_drone_r1.fastq.gz,data/reads/BBB20_111_drone_r2.fastq.gz,1
BBB20_044_drone,CTGATGAG+AACCAGGT,data/reads/BBB20_044_drone_r1.fastq.gz,data/reads/BBB20_044_drone_r2.fastq.gz,1
BBB20_041_pool,GCAGAAGA+AACCAGGT,data/reads/BBB20_041_pool_r1.fastq.gz,data/reads/BBB20_041_pool_r2.fastq.gz,2
BBB20_029_drone,AATCCAGC+AACCAGGT,data/reads/BBB20_029_drone_r1.fastq.gz,data/reads/BBB20_029_drone_r2.fastq.gz,1
BBB20_085_pool,TTCCTCCT+TTCCGCTT,data/reads/BBB20_085_pool_r1.fastq.gz,data/reads/BBB20_085_pool_r2.fastq.gz,2
BBB20_049_pool,TGCTTGCT+TTCCGCTT,data/reads/BBB20_049_pool_r1.fastq.gz,data/reads/BBB20_049_pool_r2.fastq.gz,2
BBB20_098_pool,GGTGATGA+TTCCGCTT,data/reads/BBB20_098_pool_r1.fastq.gz,data/reads/BBB20_098_pool_r2.fastq.gz,2
BBB20_076_drone,AACCTACG+TTCCGCTT,data/reads/BBB20_076_drone_r1.fastq.gz,data/reads/BBB20_076_drone_r2.fastq.gz,1
BBB20_082_drone,GGATCTGA+TTCCGCTT,data/reads/BBB20_082_drone_r1.fastq.gz,data/reads/BBB20_082_drone_r2.fastq.gz,1
BBB20_087_pool,TGATCACG+TTCCGCTT,data/reads/BBB20_087_pool_r1.fastq.gz,data/reads/BBB20_087_pool_r2.fastq.gz,2
BBB20_085_drone,AAGCGACT+TTCCGCTT,data/reads/BBB20_085_drone_r1.fastq.gz,data/reads/BBB20_085_drone_r2.fastq.gz,1
BBB20_058_pool,AAGCGTTC+TTCCGCTT,data/reads/BBB20_058_pool_r1.fastq.gz,data/reads/BBB20_058_pool_r2.fastq.gz,2
BBB20_009_drone,AAGGCGTA+TTCCGCTT,data/reads/BBB20_009_drone_r1.fastq.gz,data/reads/BBB20_009_drone_r2.fastq.gz,1
BBB20_013_drone,CTGATGAG+TTCCGCTT,data/reads/BBB20_013_drone_r1.fastq.gz,data/reads/BBB20_013_drone_r2.fastq.gz,1
BBB20_040_pool,GCAGAAGA+TTCCGCTT,data/reads/BBB20_040_pool_r1.fastq.gz,data/reads/BBB20_040_pool_r2.fastq.gz,2
BBB20_113_drone,AATCCAGC+TTCCGCTT,data/reads/BBB20_113_drone_r1.fastq.gz,data/reads/BBB20_113_drone_r2.fastq.gz,1
BBB20_081_drone,TTCCTCCT+TTGTTCCG,data/reads/BBB20_081_drone_r1.fastq.gz,data/reads/BBB20_081_drone_r2.fastq.gz,1
BBB20_035_pool,TGCTTGCT+TTGTTCCG,data/reads/BBB20_035_pool_r1.fastq.gz,data/reads/BBB20_035_pool_r2.fastq.gz,2
BBB20_073_pool,GGTGATGA+TTGTTCCG,data/reads/BBB20_073_pool_r1.fastq.gz,data/reads/BBB20_073_pool_r2.fastq.gz,2
BBB20_049_drone,AACCTACG+TTGTTCCG,data/reads/BBB20_049_drone_r1.fastq.gz,data/reads/BBB20_049_drone_r2.fastq.gz,1
BBB20_043_pool,GGATCTGA+TTGTTCCG,data/reads/BBB20_043_pool_r1.fastq.gz,data/reads/BBB20_043_pool_r2.fastq.gz,2
BBB20_087_drone,TGATCACG+TTGTTCCG,data/reads/BBB20_087_drone_r1.fastq.gz,data/reads/BBB20_087_drone_r2.fastq.gz,1
BBB20_110_pool,AAGCGACT+TTGTTCCG,data/reads/BBB20_110_pool_r1.fastq.gz,data/reads/BBB20_110_pool_r2.fastq.gz,2
BBB20_082_pool,AAGCGTTC+TTGTTCCG,data/reads/BBB20_082_pool_r1.fastq.gz,data/reads/BBB20_082_pool_r2.fastq.gz,2
BBB20_081_pool,AAGGCGTA+TTGTTCCG,data/reads/BBB20_081_pool_r1.fastq.gz,data/reads/BBB20_081_pool_r2.fastq.gz,2
BBB20_076_pool,CTGATGAG+TTGTTCCG,data/reads/BBB20_076_pool_r1.fastq.gz,data/reads/BBB20_076_pool_r2.fastq.gz,2
BBB20_093_drone,GCAGAAGA+TTGTTCCG,data/reads/BBB20_093_drone_r1.fastq.gz,data/reads/BBB20_093_drone_r2.fastq.gz,1
BBB20_109_drone,AATCCAGC+TTGTTCCG,data/reads/BBB20_109_drone_r1.fastq.gz,data/reads/BBB20_109_drone_r2.fastq.gz,1
BBB20_043_drone,TTCCTCCT+AGCTTACC,data/reads/BBB20_043_drone_r1.fastq.gz,data/reads/BBB20_043_drone_r2.fastq.gz,1
BBB20_074_pool,TGCTTGCT+AGCTTACC,data/reads/BBB20_074_pool_r1.fastq.gz,data/reads/BBB20_074_pool_r2.fastq.gz,2
BBB20_115_drone,GGTGATGA+AGCTTACC,data/reads/BBB20_115_drone_r1.fastq.gz,data/reads/BBB20_115_drone_r2.fastq.gz,1
BBB20_029_pool,AACCTACG+AGCTTACC,data/reads/BBB20_029_pool_r1.fastq.gz,data/reads/BBB20_029_pool_r2.fastq.gz,2
BBB20_097_pool,GGATCTGA+AGCTTACC,data/reads/BBB20_097_pool_r1.fastq.gz,data/reads/BBB20_097_pool_r2.fastq.gz,2
BBB20_045_drone,TGATCACG+AGCTTACC,data/reads/BBB20_045_drone_r1.fastq.gz,data/reads/BBB20_045_drone_r2.fastq.gz,1
BBB20_014_pool,AAGCGACT+AGCTTACC,data/reads/BBB20_014_pool_r1.fastq.gz,data/reads/BBB20_014_pool_r2.fastq.gz,2
BBB20_036_pool,AAGCGTTC+AGCTTACC,data/reads/BBB20_036_pool_r1.fastq.gz,data/reads/BBB20_036_pool_r2.fastq.gz,2
BBB20_059_drone,AAGGCGTA+AGCTTACC,data/reads/BBB20_059_drone_r1.fastq.gz,data/reads/BBB20_059_drone_r2.fastq.gz,1
BBB20_019_drone,CTGATGAG+AGCTTACC,data/reads/BBB20_019_drone_r1.fastq.gz,data/reads/BBB20_019_drone_r2.fastq.gz,1
BBB20_059_pool,GCAGAAGA+AGCTTACC,data/reads/BBB20_059_pool_r1.fastq.gz,data/reads/BBB20_059_pool_r2.fastq.gz,2
BBB20_108_pool,AATCCAGC+AGCTTACC,data/reads/BBB20_108_pool_r1.fastq.gz,data/reads/BBB20_108_pool_r2.fastq.gz,2
BBB20_061_drone,TTCCTCCT+ATGCCACA,data/reads/BBB20_061_drone_r1.fastq.gz,data/reads/BBB20_061_drone_r2.fastq.gz,1
BBB20_104_pool,TGCTTGCT+ATGCCACA,data/reads/BBB20_104_pool_r1.fastq.gz,data/reads/BBB20_104_pool_r2.fastq.gz,2
BBB20_041_drone,GGTGATGA+ATGCCACA,data/reads/BBB20_041_drone_r1.fastq.gz,data/reads/BBB20_041_drone_r2.fastq.gz,1
BBB20_069_pool,AACCTACG+ATGCCACA,data/reads/BBB20_069_pool_r1.fastq.gz,data/reads/BBB20_069_pool_r2.fastq.gz,2
BBB20_111_pool,GGATCTGA+ATGCCACA,data/reads/BBB20_111_pool_r1.fastq.gz,data/reads/BBB20_111_pool_r2.fastq.gz,2
BBB20_110_drone,TGATCACG+ATGCCACA,data/reads/BBB20_110_drone_r1.fastq.gz,data/reads/BBB20_110_drone_r2.fastq.gz,1
BBB20_071_pool,AAGCGACT+ATGCCACA,data/reads/BBB20_071_pool_r1.fastq.gz,data/reads/BBB20_071_pool_r2.fastq.gz,2
BBB20_036_drone,AAGCGTTC+ATGCCACA,data/reads/BBB20_036_drone_r1.fastq.gz,data/reads/BBB20_036_drone_r2.fastq.gz,1
BBB20_064_drone,AAGGCGTA+ATGCCACA,data/reads/BBB20_064_drone_r1.fastq.gz,data/reads/BBB20_064_drone_r2.fastq.gz,1
BBB20_104_drone,CTGATGAG+ATGCCACA,data/reads/BBB20_104_drone_r1.fastq.gz,data/reads/BBB20_104_drone_r2.fastq.gz,1
BBB20_089_pool,GCAGAAGA+ATGCCACA,data/reads/BBB20_089_pool_r1.fastq.gz,data/reads/BBB20_089_pool_r2.fastq.gz,2
BBB20_089_drone,AATCCAGC+ATGCCACA,data/reads/BBB20_089_drone_r1.fastq.gz,data/reads/BBB20_089_drone_r2.fastq.gz,1
BBB20_095_pool,TTCCTCCT+TCCGTAGT,data/reads/BBB20_095_pool_r1.fastq.gz,data/reads/BBB20_095_pool_r2.fastq.gz,2
BBB20_102_pool,TGCTTGCT+TCCGTAGT,data/reads/BBB20_102_pool_r1.fastq.gz,data/reads/BBB20_102_pool_r2.fastq.gz,2
BBB20_037_pool,GGTGATGA+TCCGTAGT,data/reads/BBB20_037_pool_r1.fastq.gz,data/reads/BBB20_037_pool_r2.fastq.gz,2
BBB20_097_drone,AACCTACG+TCCGTAGT,data/reads/BBB20_097_drone_r1.fastq.gz,data/reads/BBB20_097_drone_r2.fastq.gz,1
